rank,hitter_id,player,team,opponent,game_start_time,game_status,batting_order,pitcher,pitcher_id,pitcher_hand,hr_score,tier,play_type,reason_tags,power_score,pitcher_score,environment_score,lineup_score,platoon_score,recent_form_score,confirmed_lineup,rotowire_confirmed_lineup,rotowire_batting_order,rotowire_player_found,lineup_disagreement,lineup_sources_used,source_warnings,stat_years_used,bvp_pa,bvp_hr,bvp_note,recent_games,recent_hits,recent_abs,recent_hr,recent_form_note,split_matchup_note,pitch_mix_note,barrel_pct,hard_hit_pct,avg_exit_velocity,ev50,xslg,xiso,xwoba,bat_speed,fast_swing_pct,pull_pct,fb_pct,hr_total,iso,pitcher_barrel_pct_allowed,pitcher_hard_hit_pct_allowed,pitcher_avg_exit_velocity_allowed,pitcher_xslg_allowed,pitcher_xiso_allowed,pitcher_fb_pct_allowed,wind_direction,weather_temp,ballpark,odds
1,624413,Pete Alonso,BAL,COL,2026-09-01T00:40:00Z,Pre-Game,2,Tanner Gordon,685299,R,67.5,Tier 3,Watch List,"Strong Barrel, Premium Lineup Spot",72.8,60.4,52.7,100.0,50.0,52.0,Yes,Yes,2,Yes,No,MLB Stats API; RotoWire,,H:2026/2025 P:2026/2025,,,Direct BvP not yet weighted; 2026/2025 Statcast baseline active,7,6,27,2,Hot streak: 2 HR in last 7 games,"same-side matchup; pitcher baseline 10.2% barrel, 16.7 HR allowed",EV profile; pitcher allows elevated contact,15.4,56.29,93.99,104.2624,0.5538,0.2724,0.3902,74.78,48.79,36.08,30.6,33.8,0.2387,10.24,42.25,90.8,0.4789,0.2097,33.88,In From RF,82,Coors Field,
2,656941,Kyle Schwarber,PHI,AZ,2026-09-01T01:40:00Z,Pre-Game,1,Brandon Pfaadt,694297,R,64.4,Tier 3,Watch List,"Elite Power, Strong Barrel, Premium Lineup Spot, Platoon Edge",76.1,42.1,41.7,93.2,80.0,53.7,Yes,Yes,1,Yes,No,MLB Stats API; RotoWire,,H:2026/2025 P:2026/2025,,,Direct BvP not yet weighted; 2026/2025 Statcast baseline active,7,7,30,2,Hot streak: 2 HR in last 7 games,"platoon edge; pitcher baseline 8.6% barrel, 16.2 HR allowed",lift-pull EV profile; pitcher fly-ball pressure modest,18.35,53.09,93.04,104.2437,0.5222,0.2805,0.3765,77.16,75.49,53.93,33.25,44.8,0.295,8.59,37.89,89.05,0.4177,0.1638,23.41,None,72,Chase Field,
3,696100,Hunter Goodman,COL,BAL,2026-09-01T00:40:00Z,Pre-Game,3,Cade Povich,700249,L,63.9,Tier 3,Watch List,"Strong Barrel, Premium Lineup Spot, Platoon Edge",59.1,54.1,52.7,96.6,78.0,59.1,Yes,Yes,3,Yes,No,MLB Stats API; RotoWire,,H:2026/2025 P:2026/2025,,,Direct BvP not yet weighted; 2026/2025 Statcast baseline active,7,7,26,2,Hot streak: 2 HR in last 7 games,"platoon edge; pitcher baseline 9.0% barrel, 8.6 HR allowed",neutral batted-ball profile; pitcher fly-ball pressure modest,15.35,45.99,90.45,102.6876,0.4679,0.2343,0.3269,75.0,49.58,48.28,32.62,34.5,0.2742,8.99,44.31,91.13,0.4656,0.1994,29.41,In From RF,82,Coors Field,
4,670541,Yordan Alvarez,HOU,CWS,2026-09-01T00:10:00Z,Pre-Game,2,Anthony Kay,641743,L,63.3,Tier 3,Watch List,"Elite Power, Strong Barrel, Premium Lineup Spot",80.3,41.2,41.6,100.0,50.0,42.3,Yes,Yes,2,Yes,No,MLB Stats API; RotoWire,,H:2026/2025 P:2026,,,Direct BvP not yet weighted; 2026/2025 Statcast baseline active,7,7,25,1,"Last 7 games: 7/25, 1 HR","same-side matchup; pitcher baseline 8.6% barrel, 18.0 HR allowed",lift-pull EV profile; pitcher fly-ball pressure modest,15.9,53.39,94.56,104.9952,0.6288,0.3154,0.435,76.17,61.87,40.81,36.66,27.7,0.2501,8.6,39.7,88.4,0.413,0.154,22.1,None,73,Daikin Park,
5,808959,Munetaka Murakami,CWS,HOU,2026-09-01T00:10:00Z,Pre-Game,2,Peter Lambert,663567,R,61.3,Tier 3,Watch List,"Elite Power, Strong Barrel, Premium Lineup Spot, Platoon Edge",78.6,32.6,41.6,100.0,80.0,0.8,Yes,Yes,2,Yes,No,MLB Stats API; RotoWire,,H:2026 P:2026,,,Direct BvP not yet weighted; 2026/2025 Statcast baseline active,7,3,24,0,"Last 7 games: 3/24, 0 HR","platoon edge; pitcher baseline 6.7% barrel, 13.0 HR allowed",lift-pull EV profile; pitcher allows elevated contact,19.6,57.0,93.9,104.3785,0.486,0.272,0.36,74.8,51.2,43.5,37.9,29.0,0.279,6.7,36.1,88.5,0.352,0.141,32.5,None,73,Daikin Park,
6,691723,Coby Mayo,BAL,COL,2026-09-01T00:40:00Z,Pre-Game,4,Tanner Gordon,685299,R,60.3,Tier 3,Watch List,"Strong Barrel, Premium Lineup Spot",51.1,60.4,52.7,94.9,50.0,64.8,Yes,Yes,4,Yes,No,MLB Stats API; RotoWire,,H:2026/2025 P:2026/2025,,,Direct BvP not yet weighted; 2026/2025 Statcast baseline active,7,8,26,2,Hot streak: 2 HR in last 7 games,"same-side matchup; pitcher baseline 10.2% barrel, 16.7 HR allowed",neutral batted-ball profile; pitcher allows elevated contact,12.2,45.17,90.52,102.7596,0.4218,0.2027,0.31,75.4,54.74,49.27,34.04,16.6,0.2116,10.24,42.25,90.8,0.4789,0.2097,33.88,In From RF,82,Coors Field,
7,683002,Gunnar Henderson,BAL,COL,2026-09-01T00:40:00Z,Pre-Game,3,Tanner Gordon,685299,R,58.5,Longshot,Watch List,"Premium Lineup Spot, Platoon Edge",38.1,60.4,52.7,96.6,80.0,56.2,Yes,Yes,3,Yes,No,MLB Stats API; RotoWire,,H:2026/2025 P:2026/2025,,,Direct BvP not yet weighted; 2026/2025 Statcast baseline active,7,6,24,2,Hot streak: 2 HR in last 7 games,"platoon edge; pitcher baseline 10.2% barrel, 16.7 HR allowed",neutral batted-ball profile; pitcher allows elevated contact,7.69,45.84,90.49,101.4033,0.4082,0.1539,0.3263,74.67,47.1,41.08,23.31,20.5,0.1787,10.24,42.25,90.8,0.4789,0.2097,33.88,In From RF,82,Coors Field,
8,700250,Ben Rice,NYY,LAA,2026-09-01T01:38:00Z,Pre-Game,1,Walbert Ureña,700712,R,58.4,Longshot,Watch List,"Strong Barrel, Premium Lineup Spot, Platoon Edge",64.9,16.1,67.7,93.2,80.0,53.9,Yes,Yes,1,Yes,No,MLB Stats API; RotoWire,,H:2026/2025 P:2026,,,Direct BvP not yet weighted; 2026/2025 Statcast baseline active,7,10,28,1,Contact streak: 10/28 over last 7 games,"platoon edge; pitcher baseline 5.1% barrel, 7.0 HR allowed",lift-pull EV profile; pitcher fly-ball pressure modest,15.05,50.92,92.53,102.5611,0.5229,0.2534,0.3798,72.98,28.5,45.8,30.81,32.3,0.2643,5.1,34.2,87.2,0.304,0.099,22.5,Out To CF,77,Angel Stadium,
9,547180,Bryce Harper,PHI,AZ,2026-09-01T01:40:00Z,Pre-Game,3,Brandon Pfaadt,694297,R,57.5,Longshot,Watch List,"Strong Barrel, Premium Lineup Spot, Platoon Edge",52.3,42.1,41.7,96.6,80.0,63.3,Yes,Yes,3,Yes,No,MLB Stats API; RotoWire,,H:2026/2025 P:2026/2025,,,Direct BvP not yet weighted; 2026/2025 Statcast baseline active,7,11,26,1,Contact streak: 11/26 over last 7 games,"platoon edge; pitcher baseline 8.6% barrel, 16.2 HR allowed",neutral batted-ball profile; pitcher fly-ball pressure modest,11.53,45.61,90.67,101.9072,0.499,0.2261,0.3848,74.1,44.73,37.49,27.45,27.0,0.2337,8.59,37.89,89.05,0.4177,0.1638,23.41,None,72,Chase Field,
10,694212,Samuel Basallo,BAL,COL,2026-09-01T00:40:00Z,Pre-Game,6,Tanner Gordon,685299,R,56.7,Longshot,Watch List,"Strong Barrel, Platoon Edge",46.9,60.4,52.7,76.2,80.0,19.1,Yes,Yes,6,Yes,No,MLB Stats API; RotoWire,,H:2026/2025 P:2026/2025,,,Direct BvP not yet weighted; 2026/2025 Statcast baseline active,7,3,24,1,"Last 7 games: 3/24, 1 HR","platoon edge; pitcher baseline 10.2% barrel, 16.7 HR allowed",neutral batted-ball profile; pitcher allows elevated contact,11.56,43.49,90.01,102.1054,0.424,0.1959,0.3092,74.8,49.14,42.39,28.77,13.1,0.1881,10.24,42.25,90.8,0.4789,0.2097,33.88,In From RF,82,Coors Field,
11,681297,Colton Cowser,BAL,COL,2026-09-01T00:40:00Z,Pre-Game,8,Tanner Gordon,685299,R,56.3,Longshot,Watch List,"Strong Barrel, Platoon Edge, Hot Hitter/Streak",46.6,60.4,52.7,52.4,80.0,80.0,Yes,Yes,8,Yes,No,MLB Stats API; RotoWire,,H:2026/2025 P:2026/2025,,,Direct BvP not yet weighted; 2026/2025 Statcast baseline active,7,9,22,2,Hot streak: 2 HR in last 7 games,"platoon edge; pitcher baseline 10.2% barrel, 16.7 HR allowed",neutral batted-ball profile; pitcher allows elevated contact,11.86,42.22,88.87,100.971,0.4208,0.2044,0.3161,74.44,44.78,38.31,33.27,13.9,0.1666,10.24,42.25,90.8,0.4789,0.2097,33.88,In From RF,82,Coors Field,
12,545361,Mike Trout,LAA,NYY,2026-09-01T01:38:00Z,Pre-Game,2,Elmer Rodríguez,695684,R,56.2,Longshot,Watch List,"Strong Barrel, Premium Lineup Spot",60.6,27.6,67.7,100.0,50.0,18.0,Yes,Yes,2,Yes,No,MLB Stats API; RotoWire,,H:2026/2025 P:2026,,,Direct BvP not yet weighted; 2026/2025 Statcast baseline active,7,6,25,0,"Last 7 games: 6/25, 0 HR","same-side matchup; pitcher baseline 6.9% barrel, 2.0 HR allowed",neutral batted-ball profile; pitcher fly-ball pressure modest,15.94,46.57,90.13,102.846,0.4859,0.2397,0.3727,74.63,47.7,36.44,32.82,21.8,0.1951,6.9,36.1,87.6,0.394,0.133,22.2,Out To CF,77,Angel Stadium,
13,671277,Luis García Jr.,NYY,LAA,2026-09-01T01:38:00Z,Pre-Game,3,Walbert Ureña,700712,R,55.6,Longshot,Watch List,"Strong Barrel, Premium Lineup Spot, Platoon Edge, Hot Hitter/Streak",50.7,16.1,67.7,96.6,80.0,81.7,Yes,Yes,3,Yes,No,MLB Stats API; RotoWire,,H:2026/2025 P:2026,,,Direct BvP not yet weighted; 2026/2025 Statcast baseline active,7,11,26,2,Hot streak: 2 HR in last 7 games,"platoon edge; pitcher baseline 5.1% barrel, 7.0 HR allowed",neutral batted-ball profile; pitcher fly-ball pressure modest,11.38,46.36,91.32,101.9777,0.4959,0.21,0.3502,73.66,39.41,41.71,22.4,24.4,0.2349,5.1,34.2,87.2,0.304,0.099,22.5,Out To CF,77,Angel Stadium,
14,676369,Nelson Velázquez,HOU,CWS,2026-09-01T00:10:00Z,Pre-Game,7,Anthony Kay,641743,L,53.9,Longshot,Watch List,"Strong Barrel, Platoon Edge",65.8,41.2,41.6,64.3,78.0,0.0,Yes,Yes,7,Yes,No,MLB Stats API; RotoWire,,H:2026 P:2026,,,Direct BvP not yet weighted; 2026/2025 Statcast baseline active,7,0,11,0,"Last 7 games: 0/11, 0 HR","platoon edge; pitcher baseline 8.6% barrel, 18.0 HR allowed",lift-pull EV profile; pitcher fly-ball pressure modest,12.5,62.5,94.6,102.7723,0.462,0.225,0.333,74.8,53.9,44.6,35.7,4.0,0.188,8.6,39.7,88.4,0.413,0.154,22.1,None,73,Daikin Park,
15,681393,Connor Norby,COL,BAL,2026-09-01T00:40:00Z,Pre-Game,2,Cade Povich,700249,L,53.9,Longshot,Watch List,"Premium Lineup Spot, Platoon Edge",29.3,54.1,52.7,100.0,78.0,46.5,Yes,Yes,2,Yes,No,MLB Stats API; RotoWire,,H:2026/2025 P:2026/2025,,,Direct BvP not yet weighted; 2026/2025 Statcast baseline active,7,8,26,1,"Last 7 games: 8/26, 1 HR","platoon edge; pitcher baseline 9.0% barrel, 8.6 HR allowed",neutral batted-ball profile; pitcher fly-ball pressure modest,7.79,37.8,87.67,98.2851,0.3666,0.1487,0.3014,70.14,7.57,41.19,34.23,6.6,0.1366,8.99,44.31,91.13,0.4656,0.1994,29.41,In From RF,82,Coors Field,
16,687637,Dylan Beavers,BAL,COL,2026-09-01T00:40:00Z,Pre-Game,5,Tanner Gordon,685299,R,53.7,Longshot,Watch List,Platoon Edge,32.6,60.4,52.7,86.4,80.0,24.9,Yes,Yes,5,Yes,No,MLB Stats API; RotoWire,,H:2026/2025 P:2026/2025,,,Direct BvP not yet weighted; 2026/2025 Statcast baseline active,7,6,21,0,"Last 7 games: 6/21, 0 HR","platoon edge; pitcher baseline 10.2% barrel, 16.7 HR allowed",neutral batted-ball profile; pitcher allows elevated contact,8.18,35.98,88.52,99.2832,0.3884,0.1621,0.3188,72.41,21.4,40.39,31.74,5.4,0.1492,10.24,42.25,90.8,0.4789,0.2097,33.88,In From RF,82,Coors Field,
17,682987,Spencer Jones,NYY,LAA,2026-09-01T01:38:00Z,Pre-Game,7,Walbert Ureña,700712,R,53.6,Longshot,Watch List,"Strong Barrel, Platoon Edge",67.6,16.1,67.7,64.3,80.0,21.5,Yes,Yes,7,Yes,No,MLB Stats API; RotoWire,,H:2026 P:2026,,,Direct BvP not yet weighted; 2026/2025 Statcast baseline active,7,5,19,0,"Last 7 games: 5/19, 0 HR","platoon edge; pitcher baseline 5.1% barrel, 7.0 HR allowed",EV profile; pitcher fly-ball pressure modest,14.7,56.5,94.1,104.1874,0.456,0.218,0.329,77.5,75.3,33.0,34.9,7.0,0.18,5.1,34.2,87.2,0.304,0.099,22.5,Out To CF,77,Angel Stadium,
18,687263,Zach Neto,LAA,NYY,2026-09-01T01:38:00Z,Pre-Game,1,Elmer Rodríguez,695684,R,53.6,Longshot,Watch List,"Strong Barrel, Premium Lineup Spot",48.5,27.6,67.7,93.2,50.0,65.2,Yes,Yes,1,Yes,No,MLB Stats API; RotoWire,,H:2026/2025 P:2026,,,Direct BvP not yet weighted; 2026/2025 Statcast baseline active,7,9,29,2,Hot streak: 2 HR in last 7 games,"same-side matchup; pitcher baseline 6.9% barrel, 2.0 HR allowed",neutral batted-ball profile; pitcher fly-ball pressure modest,12.46,42.68,90.02,100.3336,0.432,0.2111,0.3174,71.33,14.18,47.2,34.89,23.9,0.203,6.9,36.1,87.6,0.394,0.133,22.2,Out To CF,77,Angel Stadium,
19,608369,Corey Seager,TEX,ATH,2026-09-01T00:05:00Z,Warmup,2,Gage Jump,695611,L,53.3,Longshot,Watch List,"Strong Barrel, Premium Lineup Spot",60.5,31.0,42.1,100.0,50.0,20.9,Yes,Yes,2,Yes,No,MLB Stats API; RotoWire,,H:2026/2025 P:2026,,,Direct BvP not yet weighted; 2026/2025 Statcast baseline active,7,7,27,0,"Last 7 games: 7/27, 0 HR","same-side matchup; pitcher baseline 6.2% barrel, 9.0 HR allowed",lift-pull EV profile; pitcher fly-ball pressure modest,14.46,49.89,92.06,102.5789,0.4962,0.2399,0.3622,71.73,14.88,40.99,31.06,15.4,0.1908,6.2,37.9,89.1,0.381,0.129,26.3,None,74,Globe Life Field,
20,671732,Lawrence Butler,ATH,TEX,2026-09-01T00:05:00Z,Warmup,4,Jacob deGrom,594798,R,52.9,Longshot,Watch List,"Premium Lineup Spot, Platoon Edge",35.3,48.4,42.1,94.9,80.0,56.6,Yes,Yes,4,Yes,No,MLB Stats API; RotoWire,,H:2026/2025 P:2026/2025,,,Direct BvP not yet weighted; 2026/2025 Statcast baseline active,7,9,24,1,Contact streak: 9/24 over last 7 games,"platoon edge; pitcher baseline 8.7% barrel, 19.7 HR allowed",neutral batted-ball profile; pitcher fly-ball pressure modest,8.01,45.17,89.73,101.7615,0.3839,0.1472,0.3152,73.63,37.95,34.47,22.0,14.7,0.1511,8.67,43.72,90.31,0.3938,0.1616,29.46,None,74,Globe Life Field,
21,669394,Jake Burger,TEX,ATH,2026-09-01T00:05:00Z,Warmup,5,Gage Jump,695611,L,52.5,Longshot,Watch List,"Strong Barrel, Platoon Edge",50.8,31.0,42.1,86.4,78.0,56.2,Yes,Yes,5,Yes,No,MLB Stats API; RotoWire,,H:2026/2025 P:2026,,,Direct BvP not yet weighted; 2026/2025 Statcast baseline active,7,6,24,2,Hot streak: 2 HR in last 7 games,"platoon edge; pitcher baseline 6.2% barrel, 9.0 HR allowed",neutral batted-ball profile; pitcher fly-ball pressure modest,12.36,47.38,90.26,102.7858,0.4346,0.1984,0.3149,75.44,58.42,41.74,28.04,20.9,0.1872,6.2,37.9,89.1,0.381,0.129,26.3,None,74,Globe Life Field,
22,666160,Mickey Moniak,COL,BAL,2026-09-01T00:40:00Z,Pre-Game,6,Cade Povich,700249,L,51.9,Longshot,Watch List,Strong Barrel,47.6,54.1,52.7,76.2,50.0,2.7,Yes,Yes,6,Yes,No,MLB Stats API; RotoWire,,H:2026/2025 P:2026/2025,,,Direct BvP not yet weighted; 2026/2025 Statcast baseline active,7,4,29,0,"Last 7 games: 4/29, 0 HR","same-side matchup; pitcher baseline 9.0% barrel, 8.6 HR allowed",fly-ball profile; pitcher fly-ball pressure modest,11.14,43.13,89.77,100.3608,0.4284,0.1979,0.3006,74.19,43.25,46.38,37.75,21.9,0.2536,8.99,44.31,91.13,0.4656,0.1994,29.41,In From RF,82,Coors Field,
23,677942,Blaze Alexander,BAL,COL,2026-09-01T00:40:00Z,Pre-Game,7,Tanner Gordon,685299,R,51.7,Longshot,Watch List,No major boost,41.3,60.4,52.7,64.3,50.0,44.8,Yes,Yes,7,Yes,No,MLB Stats API; RotoWire,,H:2026/2025 P:2026/2025,,,Direct BvP not yet weighted; 2026/2025 Statcast baseline active,7,8,27,1,"Last 7 games: 8/27, 1 HR","same-side matchup; pitcher baseline 10.2% barrel, 16.7 HR allowed",neutral batted-ball profile; pitcher allows elevated contact,8.67,47.19,91.6,100.729,0.4377,0.1605,0.3421,72.24,24.7,34.37,22.2,4.9,0.1306,10.24,42.25,90.8,0.4789,0.2097,33.88,In From RF,82,Coors Field,
24,678246,Miguel Vargas,CWS,HOU,2026-09-01T00:10:00Z,Pre-Game,3,Peter Lambert,663567,R,51.5,Longshot,Watch List,"Strong Barrel, Premium Lineup Spot",53.9,32.6,41.6,96.6,50.0,32.0,Yes,Yes,3,Yes,No,MLB Stats API; RotoWire,,H:2026/2025 P:2026,,,Direct BvP not yet weighted; 2026/2025 Statcast baseline active,7,8,24,0,Contact streak: 8/24 over last 7 games,"same-side matchup; pitcher baseline 6.7% barrel, 13.0 HR allowed",fly-ball profile; pitcher allows elevated contact,12.76,44.49,90.4,100.5061,0.4854,0.227,0.368,72.91,33.09,44.07,35.17,25.1,0.2188,6.7,36.1,88.5,0.352,0.141,32.5,None,73,Daikin Park,
25,572233,Christian Walker,HOU,CWS,2026-09-01T00:10:00Z,Pre-Game,4,Anthony Kay,641743,L,51.5,Longshot,Watch List,"Strong Barrel, Premium Lineup Spot, Platoon Edge",41.7,41.2,41.6,94.9,78.0,26.2,Yes,Yes,4,Yes,No,MLB Stats API; RotoWire,,H:2026/2025 P:2026,,,Direct BvP not yet weighted; 2026/2025 Statcast baseline active,7,5,29,1,"Last 7 games: 5/29, 1 HR","platoon edge; pitcher baseline 8.6% barrel, 18.0 HR allowed",neutral batted-ball profile; pitcher fly-ball pressure modest,10.24,43.02,89.78,101.6345,0.4021,0.1736,0.307,74.31,43.69,42.27,27.37,24.9,0.197,8.6,39.7,88.4,0.413,0.154,22.1,None,73,Daikin Park,
26,702616,Jackson Holliday,BAL,COL,2026-09-01T00:40:00Z,Pre-Game,1,Tanner Gordon,685299,R,51.2,Longshot,Watch List,"Premium Lineup Spot, Platoon Edge",24.0,60.4,52.7,93.2,80.0,13.0,Yes,Yes,1,Yes,No,MLB Stats API; RotoWire,,H:2026/2025 P:2026/2025,,,Direct BvP not yet weighted; 2026/2025 Statcast baseline active,7,6,29,0,"Last 7 games: 6/29, 0 HR","platoon edge; pitcher baseline 10.2% barrel, 16.7 HR allowed",neutral batted-ball profile; pitcher allows elevated contact,6.61,36.04,87.61,98.0968,0.3725,0.1322,0.307,70.6,7.55,33.59,24.26,9.3,0.1232,10.24,42.25,90.8,0.4789,0.2097,33.88,In From RF,82,Coors Field,
27,650489,Willi Castro,COL,BAL,2026-09-01T00:40:00Z,Pre-Game,5,Cade Povich,700249,L,51.0,Longshot,Watch List,Platoon Edge,30.3,53.2,52.7,86.4,75.0,30.3,Yes,Yes,5,Yes,No,MLB Stats API; RotoWire,,H:2026/2025 P:2026/2025,,,Direct BvP not yet weighted; 2026/2025 Statcast baseline active,7,5,25,1,"Last 7 games: 5/25, 1 HR","switch hitter; pitcher baseline 9.0% barrel, 8.6 HR allowed",neutral batted-ball profile; pitcher fly-ball pressure modest,7.62,39.19,87.33,100.1115,0.3855,0.1491,0.3095,72.51,25.9,42.6,29.92,13.8,0.1526,8.99,44.31,91.13,0.4656,0.1994,29.41,In From RF,82,Coors Field,
28,665161,Jeremy Peña,HOU,CWS,2026-09-01T00:10:00Z,Pre-Game,1,Anthony Kay,641743,L,50.7,Longshot,Watch List,"Premium Lineup Spot, Platoon Edge, Hot Hitter/Streak",31.4,41.2,41.6,93.2,78.0,82.0,Yes,Yes,1,Yes,No,MLB Stats API; RotoWire,,H:2026/2025 P:2026,,,Direct BvP not yet weighted; 2026/2025 Statcast baseline active,7,9,30,3,Hot streak: 3 HR in last 7 games,"platoon edge; pitcher baseline 8.6% barrel, 18.0 HR allowed",neutral batted-ball profile; pitcher fly-ball pressure modest,6.94,40.45,88.48,99.9282,0.4271,0.1522,0.3326,72.23,14.62,45.92,24.08,17.0,0.1919,8.6,39.7,88.4,0.413,0.154,22.1,None,73,Daikin Park,
29,695657,Colson Montgomery,CWS,HOU,2026-09-01T00:10:00Z,Pre-Game,6,Peter Lambert,663567,R,49.8,Longshot,Watch List,"Strong Barrel, Platoon Edge",51.5,32.6,41.6,76.2,80.0,18.3,Yes,Yes,6,Yes,No,MLB Stats API; RotoWire,,H:2026/2025 P:2026,,,Direct BvP not yet weighted; 2026/2025 Statcast baseline active,7,3,28,1,"Last 7 games: 3/28, 1 HR","platoon edge; pitcher baseline 6.7% barrel, 13.0 HR allowed",neutral batted-ball profile; pitcher allows elevated contact,12.96,42.68,88.98,101.8021,0.4338,0.2199,0.3123,76.65,69.6,48.67,33.72,25.9,0.2375,6.7,36.1,88.5,0.352,0.141,32.5,None,73,Daikin Park,
30,694671,Wyatt Langford,TEX,ATH,2026-09-01T00:05:00Z,Warmup,3,Gage Jump,695611,L,49.6,Longshot,Watch List,"Premium Lineup Spot, Platoon Edge",38.5,31.0,42.1,96.6,78.0,52.5,Yes,Yes,3,Yes,No,MLB Stats API; RotoWire,,H:2026/2025 P:2026,,,Direct BvP not yet weighted; 2026/2025 Statcast baseline active,7,8,23,1,Contact streak: 8/23 over last 7 games,"platoon edge; pitcher baseline 6.2% barrel, 9.0 HR allowed",neutral batted-ball profile; pitcher fly-ball pressure modest,8.96,41.4,89.86,100.7223,0.4088,0.1694,0.325,72.75,26.24,42.89,29.06,17.1,0.1963,6.2,37.9,89.1,0.381,0.129,26.3,None,74,Globe Life Field,
31,643217,Andrew Benintendi,CWS,HOU,2026-09-01T00:10:00Z,Pre-Game,4,Peter Lambert,663567,R,49.3,Longshot,Watch List,"Premium Lineup Spot, Platoon Edge",37.6,32.6,41.6,94.9,80.0,46.5,Yes,Yes,4,Yes,No,MLB Stats API; RotoWire,,H:2026/2025 P:2026,,,Direct BvP not yet weighted; 2026/2025 Statcast baseline active,7,8,26,1,"Last 7 games: 8/26, 1 HR","platoon edge; pitcher baseline 6.7% barrel, 13.0 HR allowed",neutral batted-ball profile; pitcher allows elevated contact,9.49,42.01,88.7,98.8096,0.4181,0.1753,0.3158,69.61,4.43,49.68,31.78,15.8,0.1861,6.7,36.1,88.5,0.352,0.141,32.5,None,73,Daikin Park,
32,607043,Brandon Nimmo,TEX,ATH,2026-09-01T00:05:00Z,Warmup,4,Gage Jump,695611,L,49.1,Longshot,Watch List,Premium Lineup Spot,48.1,31.0,42.1,94.9,50.0,33.7,Yes,Yes,4,Yes,No,MLB Stats API; RotoWire,,H:2026/2025 P:2026,,,Direct BvP not yet weighted; 2026/2025 Statcast baseline active,7,6,27,1,"Last 7 games: 6/27, 1 HR","same-side matchup; pitcher baseline 6.2% barrel, 9.0 HR allowed",EV profile; pitcher fly-ball pressure modest,9.78,50.41,92.11,102.1198,0.4561,0.1859,0.3448,72.27,27.6,32.82,26.19,17.3,0.1642,6.2,37.9,89.1,0.381,0.129,26.3,None,74,Globe Life Field,
33,663757,Trent Grisham,NYY,LAA,2026-09-01T01:38:00Z,Pre-Game,5,Walbert Ureña,700712,R,49.1,Longshot,Watch List,"Strong Barrel, Platoon Edge",47.9,16.1,67.7,86.4,80.0,0.0,Yes,Yes,5,Yes,No,MLB Stats API; RotoWire,,H:2026/2025 P:2026,,,Direct BvP not yet weighted; 2026/2025 Statcast baseline active,7,1,23,0,"Last 7 games: 1/23, 0 HR","platoon edge; pitcher baseline 5.1% barrel, 7.0 HR allowed",neutral batted-ball profile; pitcher fly-ball pressure modest,11.12,45.7,90.75,100.7584,0.4518,0.2059,0.3476,70.79,9.51,45.7,31.33,22.8,0.201,5.1,34.2,87.2,0.304,0.099,22.5,Out To CF,77,Angel Stadium,
34,703607,Henry Bolte,ATH,TEX,2026-09-01T00:05:00Z,Warmup,1,Jacob deGrom,594798,R,48.5,Longshot,Watch List,Premium Lineup Spot,34.0,48.4,42.1,93.2,50.0,35.2,Yes,Yes,1,Yes,No,MLB Stats API; RotoWire,,H:2026 P:2026/2025,,,Direct BvP not yet weighted; 2026/2025 Statcast baseline active,7,11,31,0,Contact streak: 11/31 over last 7 games,"same-side matchup; pitcher baseline 8.7% barrel, 19.7 HR allowed",neutral batted-ball profile; pitcher fly-ball pressure modest,6.7,47.7,90.9,104.3822,0.355,0.112,0.304,77.0,72.6,32.3,15.7,6.0,0.1,8.67,43.72,90.31,0.3938,0.1616,29.46,None,74,Globe Life Field,
35,680869,Zack Gelof,ATH,TEX,2026-09-01T00:05:00Z,Warmup,3,Jacob deGrom,594798,R,48.4,Longshot,Watch List,Premium Lineup Spot,36.3,48.4,42.1,96.6,50.0,9.8,Yes,Yes,3,Yes,No,MLB Stats API; RotoWire,,H:2026/2025 P:2026/2025,,,Direct BvP not yet weighted; 2026/2025 Statcast baseline active,7,5,27,0,"Last 7 games: 5/27, 0 HR","same-side matchup; pitcher baseline 8.7% barrel, 19.7 HR allowed",neutral batted-ball profile; pitcher fly-ball pressure modest,9.21,43.56,88.52,99.5953,0.3634,0.1627,0.2771,73.22,27.92,38.83,27.38,10.4,0.1631,8.67,43.72,90.31,0.3938,0.1616,29.46,None,74,Globe Life Field,
36,665862,Jazz Chisholm Jr.,NYY,LAA,2026-09-01T01:38:00Z,Pre-Game,6,Walbert Ureña,700712,R,48.4,Longshot,Watch List,"Strong Barrel, Platoon Edge",43.5,16.1,67.7,76.2,80.0,43.8,Yes,Yes,6,Yes,No,MLB Stats API; RotoWire,,H:2026/2025 P:2026,,,Direct BvP not yet weighted; 2026/2025 Statcast baseline active,7,7,17,0,Contact streak: 7/17 over last 7 games,"platoon edge; pitcher baseline 5.1% barrel, 7.0 HR allowed",neutral batted-ball profile; pitcher fly-ball pressure modest,10.66,42.53,90.26,100.484,0.4033,0.1833,0.3096,73.34,33.65,50.86,30.54,21.9,0.1928,5.1,34.2,87.2,0.304,0.099,22.5,Out To CF,77,Angel Stadium,
37,694208,Moisés Ballesteros,LAA,NYY,2026-09-01T01:38:00Z,Pre-Game,5,Elmer Rodríguez,695684,R,47.9,Longshot,Watch List,Platoon Edge,32.6,27.6,67.7,86.4,80.0,20.9,Yes,Yes,5,Yes,No,MLB Stats API; RotoWire,,H:2026/2025 P:2026,,,Direct BvP not yet weighted; 2026/2025 Statcast baseline active,7,7,27,0,"Last 7 games: 7/27, 0 HR","platoon edge; pitcher baseline 6.9% barrel, 2.0 HR allowed",neutral batted-ball profile; pitcher fly-ball pressure modest,8.1,42.12,89.94,100.76,0.3783,0.1387,0.306,72.5,31.82,34.01,20.23,4.8,0.1305,6.9,36.1,87.6,0.394,0.133,22.2,Out To CF,77,Angel Stadium,
38,701358,Cam Smith,HOU,CWS,2026-09-01T00:10:00Z,Pre-Game,6,Anthony Kay,641743,L,47.4,Longshot,Watch List,Platoon Edge,41.3,41.2,41.6,76.2,78.0,0.0,Yes,Yes,6,Yes,No,MLB Stats API; RotoWire,,H:2026/2025 P:2026,,,Direct BvP not yet weighted; 2026/2025 Statcast baseline active,7,1,18,0,"Last 7 games: 1/18, 0 HR","platoon edge; pitcher baseline 8.6% barrel, 18.0 HR allowed",neutral batted-ball profile; pitcher fly-ball pressure modest,9.84,43.39,88.88,101.5369,0.4117,0.1725,0.3159,76.74,68.11,37.63,25.21,14.6,0.157,8.6,39.7,88.4,0.413,0.154,22.1,None,73,Daikin Park,
39,691777,Max Muncy,ATH,TEX,2026-09-01T00:05:00Z,Warmup,6,Jacob deGrom,594798,R,47.0,Longshot,Watch List,Strong Barrel,36.1,48.4,42.1,76.2,50.0,39.5,Yes,Yes,6,Yes,No,MLB Stats API; RotoWire,,H:2026/2025 P:2026/2025,,,Direct BvP not yet weighted; 2026/2025 Statcast baseline active,7,6,23,1,"Last 7 games: 6/23, 1 HR","same-side matchup; pitcher baseline 8.7% barrel, 19.7 HR allowed",neutral batted-ball profile; pitcher fly-ball pressure modest,10.94,40.03,88.92,100.9081,0.3607,0.1479,0.2824,73.8,43.09,41.49,23.07,7.6,0.1594,8.67,43.72,90.31,0.3938,0.1616,29.46,None,74,Globe Life Field,
40,641355,Cody Bellinger,NYY,LAA,2026-09-01T01:38:00Z,Pre-Game,2,Walbert Ureña,700712,R,46.6,Longshot,Watch List,"Premium Lineup Spot, Platoon Edge",29.5,16.1,67.7,100.0,80.0,33.7,Yes,Yes,2,Yes,No,MLB Stats API; RotoWire,,H:2026/2025 P:2026,,,Direct BvP not yet weighted; 2026/2025 Statcast baseline active,7,6,27,1,"Last 7 games: 6/27, 1 HR","platoon edge; pitcher baseline 5.1% barrel, 7.0 HR allowed",neutral batted-ball profile; pitcher fly-ball pressure modest,6.66,36.78,88.65,98.4488,0.4187,0.1519,0.3384,69.82,4.12,41.98,31.92,17.1,0.173,5.1,34.2,87.2,0.304,0.099,22.5,Out To CF,77,Angel Stadium,
41,642708,Amed Rosario,NYY,LAA,2026-09-01T01:38:00Z,Pre-Game,4,Walbert Ureña,700712,R,46.5,Longshot,Watch List,Premium Lineup Spot,40.3,16.1,67.7,94.9,50.0,28.2,Yes,Yes,4,Yes,No,MLB Stats API; RotoWire,,H:2026/2025 P:2026,,,Direct BvP not yet weighted; 2026/2025 Statcast baseline active,7,4,13,0,"Last 7 games: 4/13, 0 HR","same-side matchup; pitcher baseline 5.1% barrel, 7.0 HR allowed",neutral batted-ball profile; pitcher fly-ball pressure modest,9.43,41.15,90.64,101.4619,0.4299,0.1706,0.3184,73.66,37.9,38.17,24.0,8.8,0.1789,5.1,34.2,87.2,0.304,0.099,22.5,Out To CF,77,Angel Stadium,
42,679822,Justin Foscue,TEX,ATH,2026-09-01T00:05:00Z,Warmup,6,Gage Jump,695611,L,46.4,Longshot,Watch List,Platoon Edge,40.4,31.0,42.1,76.2,78.0,31.6,Yes,Yes,6,Yes,No,MLB Stats API; RotoWire,,H:2026/2025 P:2026,,,Direct BvP not yet weighted; 2026/2025 Statcast baseline active,7,5,24,1,"Last 7 games: 5/24, 1 HR","platoon edge; pitcher baseline 6.2% barrel, 9.0 HR allowed",fly-ball profile; pitcher fly-ball pressure modest,7.56,48.57,90.34,99.494,0.3888,0.1733,0.2841,71.1,9.94,47.83,36.56,6.3,0.1873,6.2,37.9,89.1,0.381,0.129,26.3,None,74,Globe Life Field,
43,678662,Ezequiel Tovar,COL,BAL,2026-09-01T00:40:00Z,Pre-Game,9,Cade Povich,700249,L,46.3,Longshot,Watch List,Platoon Edge,29.5,54.1,52.7,44.8,78.0,47.7,Yes,Yes,9,Yes,No,MLB Stats API; RotoWire,,H:2026/2025 P:2026/2025,,,Direct BvP not yet weighted; 2026/2025 Statcast baseline active,7,6,19,1,"Last 7 games: 6/19, 1 HR","platoon edge; pitcher baseline 9.0% barrel, 8.6 HR allowed",neutral batted-ball profile; pitcher fly-ball pressure modest,7.41,35.47,88.07,99.0776,0.3892,0.1541,0.291,71.95,20.68,37.75,29.92,9.7,0.1323,8.99,44.31,91.13,0.4656,0.1994,29.41,In From RF,82,Coors Field,
44,662139,Daulton Varsho,HOU,CWS,2026-09-01T00:10:00Z,Pre-Game,5,Anthony Kay,641743,L,45.9,Longshot,Watch List,No major boost,35.2,41.2,41.6,86.4,50.0,31.4,Yes,Yes,5,Yes,No,MLB Stats API; RotoWire,,H:2026/2025 P:2026,,,Direct BvP not yet weighted; 2026/2025 Statcast baseline active,7,6,29,1,"Last 7 games: 6/29, 1 HR","same-side matchup; pitcher baseline 8.6% barrel, 18.0 HR allowed",neutral batted-ball profile; pitcher fly-ball pressure modest,9.18,38.55,87.73,99.5409,0.3967,0.1655,0.2997,73.71,35.97,41.01,30.5,13.0,0.1861,8.6,39.7,88.4,0.413,0.154,22.1,None,73,Daikin Park,
45,687093,Vaughn Grissom,LAA,NYY,2026-09-01T01:38:00Z,Pre-Game,4,Elmer Rodríguez,695684,R,45.5,Longshot,Watch List,Premium Lineup Spot,25.9,27.6,67.7,94.9,50.0,47.5,Yes,Yes,4,Yes,No,MLB Stats API; RotoWire,,H:2026 P:2026,,,Direct BvP not yet weighted; 2026/2025 Statcast baseline active,7,5,26,2,Hot streak: 2 HR in last 7 games,"same-side matchup; pitcher baseline 6.9% barrel, 2.0 HR allowed",neutral batted-ball profile; pitcher fly-ball pressure modest,6.7,37.3,87.8,99.0127,0.38,0.134,0.309,71.3,18.3,40.7,25.4,9.0,0.137,6.9,36.1,87.6,0.394,0.133,22.2,Out To CF,77,Angel Stadium,
46,669016,Brandon Marsh,PHI,AZ,2026-09-01T01:40:00Z,Pre-Game,7,Brandon Pfaadt,694297,R,45.5,Longshot,Watch List,Platoon Edge,37.3,42.1,41.7,64.3,80.0,13.6,Yes,Yes,7,Yes,No,MLB Stats API; RotoWire,,H:2026/2025 P:2026/2025,,,Direct BvP not yet weighted; 2026/2025 Statcast baseline active,7,4,19,0,"Last 7 games: 4/19, 0 HR","platoon edge; pitcher baseline 8.6% barrel, 16.2 HR allowed",neutral batted-ball profile; pitcher fly-ball pressure modest,8.4,44.65,89.84,100.1224,0.4187,0.1592,0.316,71.47,15.65,37.84,26.24,15.2,0.1574,8.59,37.89,89.05,0.4177,0.1638,23.41,None,72,Chase Field,
47,666126,Carlos Cortes,ATH,TEX,2026-09-01T00:05:00Z,Warmup,7,Jacob deGrom,594798,R,45.4,Longshot,Watch List,Platoon Edge,29.5,48.4,42.1,64.3,80.0,30.3,Yes,Yes,7,Yes,No,MLB Stats API; RotoWire,,H:2026/2025 P:2026/2025,,,Direct BvP not yet weighted; 2026/2025 Statcast baseline active,7,5,25,1,"Last 7 games: 5/25, 1 HR","platoon edge; pitcher baseline 8.7% barrel, 19.7 HR allowed",neutral batted-ball profile; pitcher fly-ball pressure modest,7.24,39.1,89.24,99.5453,0.3961,0.1434,0.3098,70.76,14.41,30.34,22.59,6.8,0.1696,8.67,43.72,90.31,0.3938,0.1616,29.46,None,74,Globe Life Field,
48,687597,Jordan Beck,COL,BAL,2026-09-01T00:40:00Z,Pre-Game,7,Cade Povich,700249,L,45.3,Longshot,Watch List,Platoon Edge,20.4,54.1,52.7,64.3,78.0,32.0,Yes,Yes,7,Yes,No,MLB Stats API; RotoWire,,H:2026/2025 P:2026/2025,,,Direct BvP not yet weighted; 2026/2025 Statcast baseline active,7,6,18,0,Contact streak: 6/18 over last 7 games,"platoon edge; pitcher baseline 9.0% barrel, 8.6 HR allowed",neutral batted-ball profile; pitcher fly-ball pressure modest,6.03,32.76,87.05,98.578,0.3257,0.1073,0.2674,73.69,36.27,38.47,28.39,5.5,0.1244,8.99,44.31,91.13,0.4656,0.1994,29.41,In From RF,82,Coors Field,
49,664983,Jake McCarthy,COL,BAL,2026-09-01T00:40:00Z,Pre-Game,1,Cade Povich,700249,L,45.1,Longshot,Watch List,Premium Lineup Spot,14.7,54.1,52.7,93.2,50.0,35.3,Yes,Yes,1,Yes,No,MLB Stats API; RotoWire,,H:2026/2025 P:2026/2025,,,Direct BvP not yet weighted; 2026/2025 Statcast baseline active,7,7,30,1,"Last 7 games: 7/30, 1 HR","same-side matchup; pitcher baseline 9.0% barrel, 8.6 HR allowed",neutral batted-ball profile; pitcher fly-ball pressure modest,5.16,27.39,84.91,96.7042,0.3943,0.1301,0.3091,70.82,12.35,38.15,20.96,11.0,0.1725,8.99,44.31,91.13,0.4656,0.1994,29.41,In From RF,82,Coors Field,
50,643446,Jeff McNeil,ATH,TEX,2026-09-01T00:05:00Z,Warmup,2,Jacob deGrom,594798,R,44.8,Longshot,Watch List,"Premium Lineup Spot, Platoon Edge",12.5,48.4,42.1,100.0,80.0,32.0,Yes,Yes,2,Yes,No,MLB Stats API; RotoWire,,H:2026/2025 P:2026/2025,,,Direct BvP not yet weighted; 2026/2025 Statcast baseline active,7,10,30,0,Contact streak: 10/30 over last 7 games,"platoon edge; pitcher baseline 8.7% barrel, 19.7 HR allowed",neutral batted-ball profile; pitcher fly-ball pressure modest,2.72,31.08,86.78,96.6459,0.3775,0.102,0.3146,69.3,5.79,43.28,23.26,7.8,0.1176,8.67,43.72,90.31,0.3938,0.1616,29.46,None,74,Globe Life Field,
51,666139,Josh Lowe,LAA,NYY,2026-09-01T01:38:00Z,Pre-Game,7,Elmer Rodríguez,695684,R,44.2,Longshot,Watch List,Platoon Edge,31.4,27.6,67.7,64.3,80.0,17.3,Yes,Yes,7,Yes,No,MLB Stats API; RotoWire,,H:2026/2025 P:2026,,,Direct BvP not yet weighted; 2026/2025 Statcast baseline active,7,4,17,0,"Last 7 games: 4/17, 0 HR","platoon edge; pitcher baseline 6.9% barrel, 2.0 HR allowed",neutral batted-ball profile; pitcher fly-ball pressure modest,7.16,37.78,88.67,99.2127,0.3742,0.1527,0.2896,73.38,34.54,36.48,31.22,10.3,0.1446,6.9,36.1,87.6,0.394,0.133,22.2,Out To CF,77,Angel Stadium,
52,664761,Alec Bohm,PHI,AZ,2026-09-01T01:40:00Z,Pre-Game,5,Brandon Pfaadt,694297,R,44.2,Longshot,Watch List,No major boost,31.4,42.1,41.7,86.4,50.0,18.0,Yes,Yes,5,Yes,No,MLB Stats API; RotoWire,,H:2026/2025 P:2026/2025,,,Direct BvP not yet weighted; 2026/2025 Statcast baseline active,7,6,25,0,"Last 7 games: 6/25, 0 HR","same-side matchup; pitcher baseline 8.6% barrel, 16.2 HR allowed",neutral batted-ball profile; pitcher fly-ball pressure modest,5.78,43.6,90.52,100.2734,0.4067,0.1425,0.3205,71.21,14.56,28.63,22.65,13.1,0.1318,8.59,37.89,89.05,0.4177,0.1638,23.41,None,72,Chase Field,
53,677649,Ezequiel Duran,TEX,ATH,2026-09-01T00:05:00Z,Warmup,1,Gage Jump,695611,L,44.1,Longshot,Watch List,"Premium Lineup Spot, Platoon Edge",20.6,31.0,42.1,93.2,78.0,68.7,Yes,Yes,1,Yes,No,MLB Stats API; RotoWire,,H:2026/2025 P:2026,,,Direct BvP not yet weighted; 2026/2025 Statcast baseline active,7,9,27,2,Hot streak: 2 HR in last 7 games,"platoon edge; pitcher baseline 6.2% barrel, 9.0 HR allowed",neutral batted-ball profile; pitcher fly-ball pressure modest,5.19,35.66,87.82,98.9049,0.3496,0.1153,0.2848,72.27,24.24,35.66,22.14,10.5,0.1446,6.2,37.9,89.1,0.381,0.129,26.3,None,74,Globe Life Field,
54,681198,TJ Rumfield,COL,BAL,2026-09-01T00:40:00Z,Pre-Game,4,Cade Povich,700249,L,44.0,Longshot,Watch List,Premium Lineup Spot,11.3,54.1,52.7,94.9,50.0,32.0,Yes,Yes,4,Yes,No,MLB Stats API; RotoWire,,H:2026 P:2026/2025,,,Direct BvP not yet weighted; 2026/2025 Statcast baseline active,7,7,21,0,Contact streak: 7/21 over last 7 games,"same-side matchup; pitcher baseline 9.0% barrel, 8.6 HR allowed",neutral batted-ball profile; pitcher fly-ball pressure modest,4.3,27.7,84.1,96.0656,0.374,0.119,0.326,68.6,8.1,41.4,28.2,13.0,0.148,8.99,44.31,91.13,0.4656,0.1994,29.41,In From RF,82,Coors Field,
55,687859,Troy Johnston,COL,BAL,2026-09-01T00:40:00Z,Pre-Game,8,Cade Povich,700249,L,44.0,Longshot,Watch List,No major boost,25.0,54.1,52.7,52.4,50.0,60.3,Yes,Yes,8,Yes,No,MLB Stats API; RotoWire,,H:2026/2025 P:2026/2025,,,Direct BvP not yet weighted; 2026/2025 Statcast baseline active,7,6,15,1,Contact streak: 6/15 over last 7 games,"same-side matchup; pitcher baseline 9.0% barrel, 8.6 HR allowed",neutral batted-ball profile; pitcher fly-ball pressure modest,4.5,38.25,89.6,98.8779,0.4104,0.1303,0.3331,70.25,5.37,40.07,24.14,4.0,0.1248,8.99,44.31,91.13,0.4656,0.1994,29.41,In From RF,82,Coors Field,
56,607208,Trea Turner,PHI,AZ,2026-09-01T01:40:00Z,Pre-Game,2,Brandon Pfaadt,694297,R,44.0,Longshot,Watch List,Premium Lineup Spot,26.5,42.1,41.7,100.0,50.0,7.0,Yes,Yes,2,Yes,No,MLB Stats API; RotoWire,,H:2026/2025 P:2026/2025,,,Direct BvP not yet weighted; 2026/2025 Statcast baseline active,7,5,30,0,"Last 7 games: 5/30, 0 HR","same-side matchup; pitcher baseline 8.6% barrel, 16.2 HR allowed",neutral batted-ball profile; pitcher fly-ball pressure modest,6.08,39.93,88.6,99.2618,0.3778,0.1267,0.3014,71.45,18.93,35.24,25.27,16.4,0.1425,8.59,37.89,89.05,0.4177,0.1638,23.41,None,72,Chase Field,
57,670623,Isaac Paredes,HOU,CWS,2026-09-01T00:10:00Z,Pre-Game,3,Anthony Kay,641743,L,43.7,Longshot,Watch List,"Premium Lineup Spot, Platoon Edge",17.2,41.2,41.6,96.6,78.0,27.6,Yes,Yes,3,Yes,No,MLB Stats API; RotoWire,,H:2026/2025 P:2026,,,Direct BvP not yet weighted; 2026/2025 Statcast baseline active,7,4,22,1,"Last 7 games: 4/22, 1 HR","platoon edge; pitcher baseline 8.6% barrel, 18.0 HR allowed",neutral batted-ball profile; pitcher fly-ball pressure modest,5.39,29.68,86.35,96.8588,0.3709,0.1285,0.3221,67.67,7.43,51.72,30.8,17.9,0.1739,8.6,39.7,88.4,0.413,0.154,22.1,None,73,Daikin Park,
58,695681,Christian Moore,LAA,NYY,2026-09-01T01:38:00Z,Pre-Game,6,Elmer Rodríguez,695684,R,43.3,Longshot,Watch List,Strong Barrel,30.4,27.6,67.7,76.2,50.0,25.3,Yes,Yes,6,Yes,No,MLB Stats API; RotoWire,,H:2026/2025 P:2026,,,Direct BvP not yet weighted; 2026/2025 Statcast baseline active,7,4,24,1,"Last 7 games: 4/24, 1 HR","same-side matchup; pitcher baseline 6.9% barrel, 2.0 HR allowed",neutral batted-ball profile; pitcher fly-ball pressure modest,11.73,34.2,88.34,98.9393,0.3093,0.1175,0.2652,72.98,29.0,26.64,26.03,2.8,0.1097,6.9,36.1,87.6,0.394,0.133,22.2,Out To CF,77,Angel Stadium,
59,681082,Bryson Stott,PHI,AZ,2026-09-01T01:40:00Z,Pre-Game,6,Brandon Pfaadt,694297,R,43.1,Longshot,Watch List,Platoon Edge,24.5,42.1,41.7,76.2,80.0,16.6,Yes,Yes,6,Yes,No,MLB Stats API; RotoWire,,H:2026/2025 P:2026/2025,,,Direct BvP not yet weighted; 2026/2025 Statcast baseline active,7,6,26,0,"Last 7 games: 6/26, 0 HR","platoon edge; pitcher baseline 8.6% barrel, 16.2 HR allowed",neutral batted-ball profile; pitcher fly-ball pressure modest,5.52,35.59,88.72,98.4349,0.3951,0.1341,0.3228,69.72,6.68,34.73,27.59,10.2,0.1417,8.59,37.89,89.05,0.4177,0.1638,23.41,None,72,Chase Field,
60,665750,Leody Taveras,BAL,COL,2026-09-01T00:40:00Z,Pre-Game,9,Tanner Gordon,685299,R,42.9,Longshot,Watch List,Platoon Edge,19.8,58.6,52.7,44.8,75.0,27.1,Yes,Yes,9,Yes,No,MLB Stats API; RotoWire,,H:2026/2025 P:2026/2025,,,Direct BvP not yet weighted; 2026/2025 Statcast baseline active,7,5,28,1,"Last 7 games: 5/28, 1 HR","switch hitter; pitcher baseline 10.2% barrel, 16.7 HR allowed",neutral batted-ball profile; pitcher allows elevated contact,4.93,34.08,88.36,99.3167,0.3223,0.1124,0.2628,72.46,25.02,33.86,24.52,6.5,0.1242,10.24,42.25,90.8,0.4789,0.2097,33.88,In From RF,82,Coors Field,
61,695720,Tommy White,ATH,TEX,2026-09-01T00:05:00Z,Warmup,5,Jacob deGrom,594798,R,42.7,Longshot,Watch List,No major boost,22.1,48.4,42.1,86.4,50.0,18.2,Yes,Yes,5,Yes,No,MLB Stats API; RotoWire,,H:2026 P:2026/2025,,,Direct BvP not yet weighted; 2026/2025 Statcast baseline active,7,7,29,0,"Last 7 games: 7/29, 0 HR","same-side matchup; pitcher baseline 8.7% barrel, 19.7 HR allowed",neutral batted-ball profile; pitcher fly-ball pressure modest,8.2,32.0,85.8,97.15,0.399,0.128,0.302,69.3,13.2,27.0,24.6,2.0,0.076,8.67,43.72,90.31,0.3938,0.1616,29.46,None,74,Globe Life Field,
62,669224,Austin Wells,NYY,LAA,2026-09-01T01:38:00Z,Pre-Game,9,Walbert Ureña,700712,R,42.3,Longshot,Watch List,Platoon Edge,36.1,16.1,67.7,44.8,80.0,58.1,Yes,Yes,9,Yes,No,MLB Stats API; RotoWire,,H:2026/2025 P:2026,,,Direct BvP not yet weighted; 2026/2025 Statcast baseline active,7,5,19,2,Hot streak: 2 HR in last 7 games,"platoon edge; pitcher baseline 5.1% barrel, 7.0 HR allowed",neutral batted-ball profile; pitcher fly-ball pressure modest,7.68,43.38,89.62,100.6818,0.3682,0.157,0.2919,72.98,27.95,46.17,33.21,13.3,0.1575,5.1,34.2,87.2,0.304,0.099,22.5,Out To CF,77,Angel Stadium,
63,685133,Wade Meckler,LAA,NYY,2026-09-01T01:38:00Z,Pre-Game,3,Elmer Rodríguez,695684,R,41.9,Longshot,Watch List,"Premium Lineup Spot, Platoon Edge",10.9,27.6,67.7,96.6,80.0,16.1,Yes,Yes,3,Yes,No,MLB Stats API; RotoWire,,H:2026 P:2026,,,Direct BvP not yet weighted; 2026/2025 Statcast baseline active,7,5,22,0,"Last 7 games: 5/22, 0 HR","platoon edge; pitcher baseline 6.9% barrel, 2.0 HR allowed",neutral batted-ball profile; pitcher fly-ball pressure modest,3.0,31.9,86.7,96.6132,0.351,0.099,0.307,68.9,2.3,33.7,18.1,3.0,0.093,6.9,36.1,87.6,0.394,0.133,22.2,Out To CF,77,Angel Stadium,
64,803011,Sam Antonacci,CWS,HOU,2026-09-01T00:10:00Z,Pre-Game,1,Peter Lambert,663567,R,41.7,Longshot,Watch List,"Premium Lineup Spot, Platoon Edge",18.5,32.6,41.6,93.2,80.0,25.8,Yes,Yes,1,Yes,No,MLB Stats API; RotoWire,,H:2026 P:2026,,,Direct BvP not yet weighted; 2026/2025 Statcast baseline active,7,7,24,0,"Last 7 games: 7/24, 0 HR","platoon edge; pitcher baseline 6.7% barrel, 13.0 HR allowed",neutral batted-ball profile; pitcher allows elevated contact,5.2,32.6,87.3,97.5553,0.39,0.117,0.341,69.9,8.2,32.8,21.9,8.0,0.125,6.7,36.1,88.5,0.352,0.141,32.5,None,73,Daikin Park,
65,553869,Elias Díaz,TEX,ATH,2026-09-01T00:05:00Z,Warmup,7,Gage Jump,695611,L,41.4,Longshot,Watch List,Platoon Edge,29.9,31.0,42.1,64.3,78.0,34.9,Yes,Yes,7,Yes,No,MLB Stats API; RotoWire,,H:2026/2025 P:2026,,,Direct BvP not yet weighted; 2026/2025 Statcast baseline active,7,3,13,1,"Last 7 games: 3/13, 1 HR","platoon edge; pitcher baseline 6.2% barrel, 9.0 HR allowed",neutral batted-ball profile; pitcher fly-ball pressure modest,7.95,38.56,87.56,100.142,0.3557,0.1397,0.2715,74.27,43.51,37.51,28.22,6.9,0.1571,6.2,37.9,89.1,0.381,0.129,26.3,None,74,Globe Life Field,
66,641680,Jonah Heim,ATH,TEX,2026-09-01T00:05:00Z,Warmup,8,Jacob deGrom,594798,R,41.1,Longshot,Watch List,Platoon Edge,24.1,46.3,42.1,52.4,75.0,32.9,Yes,Yes,8,Yes,No,MLB Stats API; RotoWire,,H:2026/2025 P:2026/2025,,,Direct BvP not yet weighted; 2026/2025 Statcast baseline active,7,5,23,1,"Last 7 games: 5/23, 1 HR","switch hitter; pitcher baseline 8.7% barrel, 19.7 HR allowed",neutral batted-ball profile; pitcher fly-ball pressure modest,6.66,33.8,87.89,97.9623,0.3677,0.1396,0.2907,69.84,9.45,40.63,27.62,11.7,0.1589,8.67,43.72,90.31,0.3938,0.1616,29.46,None,74,Globe Life Field,
67,695731,Braden Montgomery,CWS,HOU,2026-09-01T00:10:00Z,Pre-Game,5,Peter Lambert,663567,R,40.7,Longshot,Watch List,Platoon Edge,23.2,31.2,41.6,86.4,75.0,8.8,Yes,Yes,5,Yes,No,MLB Stats API; RotoWire,,H:2026 P:2026,,,Direct BvP not yet weighted; 2026/2025 Statcast baseline active,7,5,28,0,"Last 7 games: 5/28, 0 HR","switch hitter; pitcher baseline 6.7% barrel, 13.0 HR allowed",neutral batted-ball profile; pitcher allows elevated contact,4.2,41.1,89.0,100.0039,0.381,0.131,0.321,69.8,8.6,36.5,19.8,5.0,0.132,6.7,36.1,88.5,0.352,0.141,32.5,None,73,Daikin Park,
68,650333,Luis Arraez,PHI,AZ,2026-09-01T01:40:00Z,Pre-Game,4,Brandon Pfaadt,694297,R,39.7,Longshot,Watch List,"Premium Lineup Spot, Platoon Edge",7.2,42.1,41.7,94.9,80.0,9.3,Yes,Yes,4,Yes,No,MLB Stats API; RotoWire,,H:2026/2025 P:2026/2025,,,Direct BvP not yet weighted; 2026/2025 Statcast baseline active,7,4,22,0,"Last 7 games: 4/22, 0 HR","platoon edge; pitcher baseline 8.6% barrel, 16.2 HR allowed",neutral batted-ball profile; pitcher fly-ball pressure modest,1.17,18.52,86.31,93.9195,0.3756,0.0865,0.3058,62.99,0.12,30.31,28.38,6.6,0.1112,8.59,37.89,89.05,0.4177,0.1638,23.41,None,72,Chase Field,
69,671976,Tristan Peters,CWS,HOU,2026-09-01T00:10:00Z,Pre-Game,8,Peter Lambert,663567,R,38.3,Longshot,Watch List,"Platoon Edge, Hot Hitter/Streak",14.3,32.6,41.6,52.4,80.0,100.0,Yes,Yes,8,Yes,No,MLB Stats API; RotoWire,,H:2026/2025 P:2026,,,Direct BvP not yet weighted; 2026/2025 Statcast baseline active,7,11,25,4,Hot streak: 4 HR in last 7 games,"platoon edge; pitcher baseline 6.7% barrel, 13.0 HR allowed",neutral batted-ball profile; pitcher allows elevated contact,3.99,34.96,87.22,98.0643,0.3292,0.1057,0.2649,69.23,5.6,41.7,19.39,8.4,0.1309,6.7,36.1,88.5,0.352,0.141,32.5,None,73,Daikin Park,
70,643376,Danny Jansen,TEX,ATH,2026-09-01T00:05:00Z,Warmup,9,Gage Jump,695611,L,36.8,Longshot,Watch List,Platoon Edge,23.2,31.0,42.1,44.8,78.0,41.2,Yes,Yes,9,Yes,No,MLB Stats API; RotoWire,,H:2026/2025 P:2026,,,Direct BvP not yet weighted; 2026/2025 Statcast baseline active,7,3,20,2,Hot streak: 2 HR in last 7 games,"platoon edge; pitcher baseline 6.2% barrel, 9.0 HR allowed",neutral batted-ball profile; pitcher fly-ball pressure modest,7.61,33.82,87.25,97.6411,0.3105,0.1339,0.2654,70.06,6.67,53.91,29.68,7.7,0.1728,6.2,37.9,89.1,0.381,0.129,26.3,None,74,Globe Life Field,
71,672724,Oswald Peraza,LAA,NYY,2026-09-01T01:38:00Z,Pre-Game,8,Elmer Rodríguez,695684,R,36.6,Longshot,Watch List,No major boost,22.1,27.6,67.7,52.4,50.0,14.1,Yes,Yes,8,Yes,No,MLB Stats API; RotoWire,,H:2026/2025 P:2026,,,Direct BvP not yet weighted; 2026/2025 Statcast baseline active,7,3,14,0,"Last 7 games: 3/14, 0 HR","same-side matchup; pitcher baseline 6.9% barrel, 2.0 HR allowed",neutral batted-ball profile; pitcher fly-ball pressure modest,6.7,37.33,87.24,99.6291,0.3277,0.1127,0.2655,72.83,29.72,36.9,21.15,6.4,0.1098,6.9,36.1,87.6,0.394,0.133,22.2,Out To CF,77,Angel Stadium,
72,668670,Jake Rogers,CWS,HOU,2026-09-01T00:10:00Z,Pre-Game,9,Peter Lambert,663567,R,36.5,Longshot,Watch List,No major boost,31.4,32.6,41.6,44.8,50.0,25.3,Yes,Yes,9,Yes,No,MLB Stats API; RotoWire,,H:2026/2025 P:2026,,,Direct BvP not yet weighted; 2026/2025 Statcast baseline active,7,3,18,1,"Last 7 games: 3/18, 1 HR","same-side matchup; pitcher baseline 6.7% barrel, 13.0 HR allowed",neutral batted-ball profile; pitcher allows elevated contact,9.97,38.59,88.59,98.2843,0.3196,0.134,0.274,70.57,4.86,47.02,32.15,3.7,0.1425,6.7,36.1,88.5,0.352,0.141,32.5,None,73,Daikin Park,
73,702222,Justin Crawford,PHI,AZ,2026-09-01T01:40:00Z,Pre-Game,8,Brandon Pfaadt,694297,R,34.9,Longshot,Watch List,Platoon Edge,10.9,42.1,41.7,52.4,80.0,8.5,Yes,Yes,8,Yes,No,MLB Stats API; RotoWire,,H:2026 P:2026/2025,,,Direct BvP not yet weighted; 2026/2025 Statcast baseline active,7,3,17,0,"Last 7 games: 3/17, 0 HR","platoon edge; pitcher baseline 8.6% barrel, 16.2 HR allowed",neutral batted-ball profile; pitcher fly-ball pressure modest,1.3,35.6,87.2,98.2537,0.321,0.062,0.286,69.1,5.7,26.7,16.8,2.0,0.086,8.59,37.89,89.05,0.4177,0.1638,23.41,None,72,Chase Field,
74,669397,Nick Allen,HOU,CWS,2026-09-01T00:10:00Z,Pre-Game,8,Anthony Kay,641743,L,34.1,Longshot,Watch List,Platoon Edge,4.0,41.2,41.6,52.4,78.0,45.0,Yes,Yes,8,Yes,No,MLB Stats API; RotoWire,,H:2026/2025 P:2026,,,Direct BvP not yet weighted; 2026/2025 Statcast baseline active,7,6,12,0,Contact streak: 6/12 over last 7 games,"platoon edge; pitcher baseline 8.6% barrel, 18.0 HR allowed",neutral batted-ball profile; pitcher fly-ball pressure modest,1.33,26.64,85.78,96.2137,0.2761,0.0537,0.252,67.65,1.11,35.74,20.57,1.4,0.0692,8.6,39.7,88.4,0.413,0.154,22.1,None,73,Daikin Park,
75,543877,Christian Vázquez,HOU,CWS,2026-09-01T00:10:00Z,Pre-Game,9,Anthony Kay,641743,L,33.2,Longshot,Watch List,Platoon Edge,3.7,41.2,41.6,44.8,78.0,52.0,Yes,Yes,9,Yes,No,MLB Stats API; RotoWire,,H:2026/2025 P:2026,,,Direct BvP not yet weighted; 2026/2025 Statcast baseline active,7,4,18,2,Hot streak: 2 HR in last 7 games,"platoon edge; pitcher baseline 8.6% barrel, 18.0 HR allowed",neutral batted-ball profile; pitcher fly-ball pressure modest,2.68,24.18,85.9,95.4937,0.2832,0.083,0.2472,65.95,1.01,34.42,25.54,5.8,0.1137,8.6,39.7,88.4,0.413,0.154,22.1,None,73,Daikin Park,
76,805367,Chase Meidroth,CWS,HOU,2026-09-01T00:10:00Z,Pre-Game,7,Peter Lambert,663567,R,32.8,Longshot,Watch List,No major boost,12.4,32.6,41.6,64.3,50.0,23.4,Yes,Yes,7,Yes,No,MLB Stats API; RotoWire,,H:2026/2025 P:2026,,,Direct BvP not yet weighted; 2026/2025 Statcast baseline active,7,8,29,0,"Last 7 games: 8/29, 0 HR","same-side matchup; pitcher baseline 6.7% barrel, 13.0 HR allowed",neutral batted-ball profile; pitcher allows elevated contact,3.49,35.12,87.85,97.3867,0.333,0.0926,0.2944,67.19,1.25,38.61,19.84,9.9,0.1097,6.7,36.1,88.5,0.352,0.141,32.5,None,73,Daikin Park,
77,676609,José Caballero,NYY,LAA,2026-09-01T01:38:00Z,Pre-Game,8,Walbert Ureña,700712,R,31.9,Longshot,Watch List,No major boost,10.0,16.1,67.7,52.4,50.0,54.3,Yes,Yes,8,Yes,No,MLB Stats API; RotoWire,,H:2026/2025 P:2026,,,Direct BvP not yet weighted; 2026/2025 Statcast baseline active,7,9,25,1,Contact streak: 9/25 over last 7 games,"same-side matchup; pitcher baseline 5.1% barrel, 7.0 HR allowed",neutral batted-ball profile; pitcher fly-ball pressure modest,4.78,27.38,84.53,96.4927,0.3432,0.1136,0.2892,68.89,8.12,41.67,21.8,10.6,0.1313,5.1,34.2,87.2,0.304,0.099,22.5,Out To CF,77,Angel Stadium,
78,596117,Garrett Stubbs,PHI,AZ,2026-09-01T01:40:00Z,Pre-Game,9,Brandon Pfaadt,694297,R,31.0,Longshot,Watch List,Platoon Edge,1.1,42.1,41.7,44.8,80.0,15.3,Yes,Yes,9,Yes,No,MLB Stats API; RotoWire,,H:2026/2025 P:2026/2025,,,Direct BvP not yet weighted; 2026/2025 Statcast baseline active,7,2,9,0,"Last 7 games: 2/9, 0 HR","platoon edge; pitcher baseline 8.6% barrel, 16.2 HR allowed",neutral batted-ball profile; pitcher fly-ball pressure modest,0.0,18.9,80.03,87.0485,0.1776,0.0297,0.1686,67.94,0.0,50.79,17.01,0.0,0.0,8.59,37.89,89.05,0.4177,0.1638,23.41,None,72,Chase Field,
79,687231,Darell Hernaiz,ATH,TEX,2026-09-01T00:05:00Z,Warmup,9,Jacob deGrom,594798,R,30.7,Longshot,Watch List,No major boost,4.7,48.4,42.1,44.8,50.0,9.3,Yes,Yes,9,Yes,No,MLB Stats API; RotoWire,,H:2026/2025 P:2026/2025,,,Direct BvP not yet weighted; 2026/2025 Statcast baseline active,7,4,22,0,"Last 7 games: 4/22, 0 HR","same-side matchup; pitcher baseline 8.7% barrel, 19.7 HR allowed",neutral batted-ball profile; pitcher fly-ball pressure modest,1.59,28.49,85.07,96.4217,0.2985,0.0656,0.2812,68.9,6.08,29.03,20.88,1.3,0.054,8.67,43.72,90.31,0.3938,0.1616,29.46,None,74,Globe Life Field,
80,683227,Cody Freeman,TEX,ATH,2026-09-01T00:05:00Z,Warmup,8,Gage Jump,695611,L,30.5,Longshot,Watch List,Platoon Edge,0.5,31.0,42.1,52.4,78.0,44.1,Yes,Yes,8,Yes,No,MLB Stats API; RotoWire,,H:2026/2025 P:2026,,,Direct BvP not yet weighted; 2026/2025 Statcast baseline active,7,7,24,1,"Last 7 games: 7/24, 1 HR","platoon edge; pitcher baseline 6.2% barrel, 9.0 HR allowed",neutral batted-ball profile; pitcher fly-ball pressure modest,2.73,20.9,83.43,94.2793,0.2595,0.0681,0.2437,66.81,0.45,41.25,20.14,1.6,0.1091,6.2,37.9,89.1,0.381,0.129,26.3,None,74,Globe Life Field,
81,623168,Tyler Heineman,LAA,NYY,2026-09-01T01:38:00Z,Pre-Game,9,Elmer Rodríguez,695684,R,29.9,Longshot,Watch List,Platoon Edge,0.4,27.4,67.7,44.8,75.0,0.0,Yes,Yes,9,Yes,No,MLB Stats API; RotoWire,,H:2026/2025 P:2026,,,Direct BvP not yet weighted; 2026/2025 Statcast baseline active,7,1,13,0,"Last 7 games: 1/13, 0 HR","switch hitter; pitcher baseline 6.9% barrel, 2.0 HR allowed",neutral batted-ball profile; pitcher fly-ball pressure modest,1.52,14.77,82.23,92.4484,0.2699,0.0545,0.2478,65.61,0.49,45.04,22.1,1.6,0.0717,6.9,36.1,87.6,0.394,0.133,22.2,Out To CF,77,Angel Stadium,
